CustomerID;CustomerName;CustomerAddress;PhoneNumber;LoyaltyTier;ContactPreference
5;Gareth Smith;1352 Kunene Ford;356869845;Gold;Email
6;Mpho Leroke;3472 Moosa Ferry;27573481610;Bronze;SMS
7;Jack Murray;162 Msibi Village Suite 370;476611842;Bronze;SMS
8;Adam Sunray;66428 Charlene Route Apt 704;498530319;Silver;Both
9;Thuto Tlabe;259 Malcolm Fields;27544643221;Gold;Email
10;Felix Mokotso;9128 Rikhotso Stravenue;141485890;Gold;Both
11;Victor Qhawe;3142 Andries Squares;27369426171;Silver;Email
12;Maxwell William ;3819 Barend Lake Suite 299;27285471991;None;SMS
13;Billy Wing;4266 Nelson Highway;27325591652;Silver;Email
14;Jane Doe;4714 Johanna Motorway Apt 161;545732361;Silver;Both
