EmployeeID;EmployeeRole;Designation;SalaryOrWage;EmployeeSchedule;EmployeeAccessControlLevel
1;Service Advisor;Front Office;R28 000;Mon to Thurs;Standard
2;Technician;Workshop;R50 000;Mon to Fri;Advanced
3;Technician;Workshop;R50 000;Mon to Fri;Advanced
4;Mechanic;Workshop;R42 000;Wed to Sat;Standard
5;Service Advisor;Front Office;R28 000;Mon to Thurs;Standard
6;Service Advisor;Front Office;R28 000;Mon to Thurs;Standard
7;Technician;Workshop;R50 000;Mon to Fri;Advanced
8;Service Advisor;Front Office;R28 000;Mon to Thurs;Standard
9;Mechanic;Workshop;R42 000;Wed to Sat;Standard
10;Mechanic;Workshop;R42 000;Wed to Sat;Standard
