InvoiceID;CustomerID;VehicleID;ServiceID;InvoiceDate;PaymentMethod;TotalIncludingVAT;Technician
3;3;3;3;2023.09.12;Credit Card;R900;John Smith
4;4;4;4;2023.12.13;Credit Card;R600;John Smith
5;5;5;5;2023.01.14;Credit Card;R1 200;Nicole James
6;6;6;6;2023.09.25;Cash;R550;John Smith
7;7;7;7;2023.09.16;Cash;R410;Carl Victor
8;8;8;8;2023.05.02;Credit Card;R450;Mike Billy
9;9;9;9;2024.02.18;EFT;R340;John Smith
10;10;10;10;2023.07.09;EFT;R450;Nicole James
11;1;1;1;2023.09.20;Credit Card;R450;John Smith
12;2;2;2;2023.09.01;Cash ;R620;Carl Victor
13;3;3;3;2023.11.22;EFT;R800;John Smith
