VehicleID;CustomerID;LicensePlate;Make;Model;TheYear;VINNumber;Mileage;FuelType
4;3;RPG123;Hilux;Toyota;2019;UYTRDFVBN123;45000;Petrol
5;5;YCO109;Ranger;Ford;2020;UYTRFDCGVBHNJ87;56000;Petrol
6;7;245AKO;Hi-Ace;Toyota;2016;WERTYU23456;50000;Petrol
7;6;AAB122;Corolla Cross;Toyota;2015;MNBVCX876543;32000;Diesel
8;9;12ASP9;Picanto;KIA;2023;SDFGHJ87654;30000;Petrol
9;10;448IUY;Starlet;Toyota;2015;SDFGHJPLLK987;72000;Diesel
10;11;TOT121;Suzuki Swift;Suzuki;2016;QAZZZZXFGH456;53001;Diesel
11;8;479CVG;Polo Vivo ;VW;2022;NHGTR6543;48000;Petrol
12;13;345SSZ;Subaru Outback;Subaru;2021;CDEW098765;67000;Diesel
13;12;ZXF789;Audi A4;Audi;2018;OIUYTFRGHJ3456;89000;Petrol
